--INSERTING VALUES TO PASSENGER TABLE
INSERT INTO PASSENGER VALUES(121,'SHIVA','PALAKURTHY','SHIVA@GMAIL.COM',23);
INSERT INTO PASSENGER VALUES(122,'GOPAL','KRISHNA','GOPAL@GMAIL.COM',29);
INSERT INTO PASSENGER VALUES(123,'DHANASEKAR','DESIREDDY','DHANASEKAR@GMAIL.COM',35);
INSERT INTO PASSENGER VALUES(124,'BINDU','PRIYA','PRIYA@GMAIL.COM',18);
INSERT INTO PASSENGER VALUES(125,'SACHIN','KUMAR','SACHIN@GMAIL.COM',25);
INSERT INTO PASSENGER VALUES(126,'VINAY','KUMAR','VINAY@GMAIL.COM',46);
INSERT INTO PASSENGER VALUES(127,'CHAITANYA','CHAITU','CHAITU@GMAIL.COM',59);
SELECT * FROM PASSENGER;

--INSEERTING VALUES TO FLIGHTS TABLE
INSERT INTO FLIGHTS VALUES(2116,80,120,60,260);
INSERT INTO FLIGHTS VALUES(3038,100,180,70,350);
INSERT INTO FLIGHTS VALUES(2259,60,105,25,190);
INSERT INTO FLIGHTS VALUES(2562,140,150,80,370);
INSERT INTO FLIGHTS VALUES(8085,60,110,50,220);
SELECT * FROM FLIGHTS;
 
--INSERTING VALUES TO FLIGHT_DETAILS
INSERT INTO FLIGHT_DETAILS VALUES(239678,2116,'VISTARA','HYDERABAD','BANGALORE','23-MAR-2023 11:30:00 PM', 20,30,90,4000.00,2250.00,6000.00);
INSERT INTO FLIGHT_DETAILS VALUES(296159,3038,'AIR INDIA','BANGALORE','CHENNAI','29-MAR-2023 09:45:00 AM',60,70,40,5000.00,2300.00,7000.00);
INSERT INTO FLIGHT_DETAILS VALUES(397854,2259,'INDIGO','BANGALORE','LAKSHWADEEP','03-APR-2023 01:00:00 PM',20,30,5,13000.00,11500.00,15000.00);
INSERT INTO FLIGHT_DETAILS VALUES(457831,2562,'SPICEJET','DELHI','BANGALORE','03-APR-2023 03:40:00 AM',50,73,29,11000.00,9500.00,12900.00);
INSERT INTO FLIGHT_DETAILS VALUES(369327,8085,'QATAR AIRWAYS','BANGALORE','MEGHALAYA','07-APR-2023 03:30:00 PM',23,45,24,22000.00,17500.00,25000.00);
SELECT * FROM FLIGHT_DETAILS;

--INSERTING VALUES INTO USERTABLE
INSERT INTO USERTABLE  VALUES(1931,'SHIVA@GMAIL.COM','SHIVA123','USER');
INSERT INTO USERTABLE  VALUES(1932,'DHANA@GMAIL.COM','DHANA123','USER');
INSERT INTO USERTABLE  VALUES(1933,'PRIYA@GMAIL.COM','PRIYA123','ADMIN');
INSERT INTO USERTABLE  VALUES(1934,'SACHIN@GMAIL.COM','SACHIN123','USER');
INSERT INTO USERTABLE  VALUES(1935,'ASWIN@GMAIL.COM','ASWIN123','USER');
INSERT INTO USERTABLE VALUES(1936,'SURENDRA@GMAIL.COM','SURENDRA','ADMIN');
SELECT * FROM USERTABLE;

--INSERTING VALUES INTO TRAVEL_DETAILS
INSERT INTO TRAVEL_DETAILS VALUES(1291,1932,296159,'20-DEC-2022 09:30:00 AM',2,4600);
INSERT INTO TRAVEL_DETAILS VALUES(1292,1934,457831,'21-JAN-2022 01:30:00 PM',3,33000);
INSERT INTO TRAVEL_DETAILS VALUES(1293,1935,397854,'16-FEB-2023 05:00:00 PM',1,11500);
INSERT INTO TRAVEL_DETAILS VALUES(1294,1931,369327,'03-MAR-2023 04:00:00 AM',1,25000);
SELECT * FROM TRAVEL_DETAILS;
 
--INSERTING VALUES INTO TRAVEL_BOOKING_DETAILS
INSERT INTO TRAVEL_BOOKING_DETAILS(TRAVEL_ID,PASS_ID,SEAT_NUMBER,SEAT_TYPES,FARE,DISCOUNTAMMOUNT) VALUES(1291,123,24,'ECONOMYCLASS',2231,69);
INSERT INTO TRAVEL_BOOKING_DETAILS(TRAVEL_ID,PASS_ID,SEAT_NUMBER,SEAT_TYPES,FARE,DISCOUNTAMMOUNT) VALUES(1291,122,23,'ECONOMYCLASS',2231,69);
INSERT INTO TRAVEL_BOOKING_DETAILS(TRAVEL_ID,PASS_ID,SEAT_NUMBER,SEAT_TYPES,FARE,DISCOUNTAMMOUNT) VALUES(1292,125,09,'FIRSTCLASS',8800,2200);
INSERT INTO TRAVEL_BOOKING_DETAILS(TRAVEL_ID,PASS_ID,SEAT_NUMBER,SEAT_TYPES,FARE,DISCOUNTAMMOUNT) VALUES(1292,126,10,'FIRSTCLASS',8800,2200);
INSERT INTO TRAVEL_BOOKING_DETAILS(TRAVEL_ID,PASS_ID,SEAT_NUMBER,SEAT_TYPES,FARE,DISCOUNTAMMOUNT) VALUES(1292,127,11,'FIRSTCLASS',8800,2200);
INSERT INTO TRAVEL_BOOKING_DETAILS(TRAVEL_ID,PASS_ID,SEAT_NUMBER,SEAT_TYPES,FARE,DISCOUNTAMMOUNT) VALUES(1293,124,30,'ECONOMYCLASS',10350,1150);
INSERT INTO TRAVEL_BOOKING_DETAILS(TRAVEL_ID,PASS_ID,SEAT_NUMBER,SEAT_TYPES,FARE,DISCOUNTAMMOUNT) VALUES(1294,121,21,'BUSINESSCLASS',25000,00);
SELECT * FROM TRAVEL_BOOKING_DETAILS;